{"created": 1593740869.8873723, "duration": 0.8297817707061768, "exitcode": 0, "root": "C:\\Work\\Projects\\Python-Practice\\MAndroid2SmokeTest", "environment": {"Python": "3.7.1", "Platform": "Windows-10-10.0.18362-SP0", "Packages": {"pytest": "5.3.4", "py": "1.8.1", "pluggy": "0.13.1"}, "Plugins": {"allure-pytest": "2.8.7", "html": "2.1.1", "json-report": "1.2.1", "metadata": "1.8.0", "reportportal": "5.0.0", "rerunfailures": "9.0"}, "JAVA_HOME": "C:\\Program Files\\Java\\jdk1.8.0_162"}, "summary": {"passed": 1, "total": 1, "collected": 1}, "collectors": [{"nodeid": "", "outcome": "passed", "result": [{"nodeid": "testcases/test_MAndroid2AllDevices.py", "type": "Module"}, {"nodeid": "testcases/test_MAndroid2TestCases.py", "type": "Module"}]}, {"nodeid": "testcases/test_MAndroid2AllDevices.py::TestMAndroid2TestCases", "outcome": "passed", "result": [{"nodeid": "testcases/test_MAndroid2AllDevices.py::TestMAndroid2TestCases::test_MAndroid2_print", "type": "Function", "lineno": 234}]}, {"nodeid": "testcases/test_MAndroid2AllDevices.py::TestMAndroid2TestCases", "outcome": "passed", "result": [{"nodeid": "testcases/test_MAndroid2AllDevices.py::TestMAndroid2TestCases", "type": "Instance"}]}, {"nodeid": "testcases/test_MAndroid2AllDevices.py", "outcome": "passed", "result": [{"nodeid": "testcases/test_MAndroid2AllDevices.py::TestMAndroid2TestCases", "type": "Class"}]}, {"nodeid": "testcases/test_MAndroid2TestCases.py::TestMAndroid2TestCases", "outcome": "passed", "result": [{"nodeid": "testcases/test_MAndroid2TestCases.py::TestMAndroid2TestCases::test_MAndroid2_VoiceCall[testParameters0-testEnvironment0]", "type": "Function", "lineno": 94, "deselected": true}, {"nodeid": "testcases/test_MAndroid2TestCases.py::TestMAndroid2TestCases::test_MAndroid2_VoiceCall[testParameters0-testEnvironment1]", "type": "Function", "lineno": 94, "deselected": true}, {"nodeid": "testcases/test_MAndroid2TestCases.py::TestMAndroid2TestCases::test_MAndroid2_VoiceCall[testParameters1-testEnvironment0]", "type": "Function", "lineno": 94, "deselected": true}, {"nodeid": "testcases/test_MAndroid2TestCases.py::TestMAndroid2TestCases::test_MAndroid2_VoiceCall[testParameters1-testEnvironment1]", "type": "Function", "lineno": 94, "deselected": true}, {"nodeid": "testcases/test_MAndroid2TestCases.py::TestMAndroid2TestCases::test_MAndroid2_SMS[testParameters0-testEnvironment0]", "type": "Function", "lineno": 117, "deselected": true}, {"nodeid": "testcases/test_MAndroid2TestCases.py::TestMAndroid2TestCases::test_MAndroid2_SMS[testParameters0-testEnvironment1]", "type": "Function", "lineno": 117, "deselected": true}, {"nodeid": "testcases/test_MAndroid2TestCases.py::TestMAndroid2TestCases::test_MAndroid2_SMS[testParameters1-testEnvironment0]", "type": "Function", "lineno": 117, "deselected": true}, {"nodeid": "testcases/test_MAndroid2TestCases.py::TestMAndroid2TestCases::test_MAndroid2_SMS[testParameters1-testEnvironment1]", "type": "Function", "lineno": 117, "deselected": true}, {"nodeid": "testcases/test_MAndroid2TestCases.py::TestMAndroid2TestCases::test_MAndroid2_MMS[testParameters0-testEnvironment0]", "type": "Function", "lineno": 140, "deselected": true}, {"nodeid": "testcases/test_MAndroid2TestCases.py::TestMAndroid2TestCases::test_MAndroid2_MMS[testParameters0-testEnvironment1]", "type": "Function", "lineno": 140, "deselected": true}, {"nodeid": "testcases/test_MAndroid2TestCases.py::TestMAndroid2TestCases::test_MAndroid2_MMS[testParameters1-testEnvironment0]", "type": "Function", "lineno": 140, "deselected": true}, {"nodeid": "testcases/test_MAndroid2TestCases.py::TestMAndroid2TestCases::test_MAndroid2_MMS[testParameters1-testEnvironment1]", "type": "Function", "lineno": 140, "deselected": true}, {"nodeid": "testcases/test_MAndroid2TestCases.py::TestMAndroid2TestCases::test_MAndroid2_WebBrowsing[testParameters0-testEnvironment0]", "type": "Function", "lineno": 163, "deselected": true}, {"nodeid": "testcases/test_MAndroid2TestCases.py::TestMAndroid2TestCases::test_MAndroid2_WebBrowsing[testParameters0-testEnvironment1]", "type": "Function", "lineno": 163, "deselected": true}, {"nodeid": "testcases/test_MAndroid2TestCases.py::TestMAndroid2TestCases::test_MAndroid2_WebBrowsing[testParameters1-testEnvironment0]", "type": "Function", "lineno": 163, "deselected": true}, {"nodeid": "testcases/test_MAndroid2TestCases.py::TestMAndroid2TestCases::test_MAndroid2_WebBrowsing[testParameters1-testEnvironment1]", "type": "Function", "lineno": 163, "deselected": true}, {"nodeid": "testcases/test_MAndroid2TestCases.py::TestMAndroid2TestCases::test_MAndroid2_HTTPDownload[testParameters0-testEnvironment0]", "type": "Function", "lineno": 186, "deselected": true}, {"nodeid": "testcases/test_MAndroid2TestCases.py::TestMAndroid2TestCases::test_MAndroid2_HTTPDownload[testParameters0-testEnvironment1]", "type": "Function", "lineno": 186, "deselected": true}, {"nodeid": "testcases/test_MAndroid2TestCases.py::TestMAndroid2TestCases::test_MAndroid2_HTTPDownload[testParameters1-testEnvironment0]", "type": "Function", "lineno": 186, "deselected": true}, {"nodeid": "testcases/test_MAndroid2TestCases.py::TestMAndroid2TestCases::test_MAndroid2_HTTPDownload[testParameters1-testEnvironment1]", "type": "Function", "lineno": 186, "deselected": true}]}, {"nodeid": "testcases/test_MAndroid2TestCases.py::TestMAndroid2TestCases", "outcome": "passed", "result": [{"nodeid": "testcases/test_MAndroid2TestCases.py::TestMAndroid2TestCases", "type": "Instance"}]}, {"nodeid": "testcases/test_MAndroid2TestCases.py", "outcome": "passed", "result": [{"nodeid": "testcases/test_MAndroid2TestCases.py::TestMAndroid2TestCases", "type": "Class"}]}], "tests": [{"nodeid": "testcases/test_MAndroid2AllDevices.py::TestMAndroid2TestCases::test_MAndroid2_print", "lineno": 234, "outcome": "passed", "keywords": ["MAndroid2SmokeTest", "TestMAndroid2TestCases", "testcases/test_MAndroid2AllDevices.py", "allAvailableDeviceSmokeTest", "test_MAndroid2_print", "()"], "setup": {"duration": 0.0019948482513427734, "outcome": "passed", "stdout": "------ Setup before class TestMAndroid2TestCases ------\n"}, "call": {"duration": 0.000997304916381836, "outcome": "passed", "stdout": "Just for test.\n"}, "teardown": {"duration": 0.2533223628997803, "outcome": "passed", "stdout": "------ Teardown after class TestMAndroid2TestCases ------\ntestCaseDetailList is []\n"}}]}