{"created": 1593742694.1459727, "duration": 0.3839726448059082, "exitcode": 0, "root": "C:\\Work\\Projects\\Python-Practice\\MAndroid2SmokeTest", "environment": {"Python": "3.7.1", "Platform": "Windows-10-10.0.18362-SP0", "Packages": {"pytest": "5.3.4", "py": "1.8.1", "pluggy": "0.13.1"}, "Plugins": {"allure-pytest": "2.8.7", "html": "2.1.1", "json-report": "1.2.1", "metadata": "1.8.0", "reportportal": "5.0.0", "rerunfailures": "9.0"}, "CI": "true", "CI_COMMIT_REF_NAME": "develop", "CI_COMMIT_REF_SLUG": "develop", "CI_COMMIT_SHA": "9494a062f1a740dc7684400fa4cbbc8fe8d27db8", "CI_DEBUG_TRACE": "true", "CI_JOB_ID": "622308244", "CI_JOB_NAME": "smokeTest", "CI_JOB_STAGE": "smokeTest", "CI_JOB_TOKEN": "_f_QtzkNZyzaN_E1YzJf", "CI_REPOSITORY_URL": "https://gitlab-ci-token:_f_QtzkNZyzaN_E1YzJf@gitlab.com/matrium/MAndroid2.git", "CI_RUNNER_DESCRIPTION": "Peter-Win10", "CI_RUNNER_ID": "2080590", "CI_RUNNER_TAGS": "Peter", "CI_PIPELINE_ID": "162686259", "CI_PROJECT_DIR": "C:\\Setup\\GitLab-Runner\\builds\\CWzDzWSE\\0\\matrium\\MAndroid2", "CI_PROJECT_ID": "7364135", "CI_PROJECT_NAME": "MAndroid2", "CI_PROJECT_NAMESPACE": "matrium", "CI_PROJECT_PATH": "matrium/MAndroid2", "CI_PROJECT_URL": "https://gitlab.com/matrium/MAndroid2", "CI_REGISTRY": "registry.gitlab.com", "CI_REGISTRY_IMAGE": "registry.gitlab.com/matrium/mandroid2", "CI_REGISTRY_PASSWORD": "_f_QtzkNZyzaN_E1YzJf", "CI_REGISTRY_USER": "gitlab-ci-token", "CI_SERVER": "yes", "CI_SERVER_NAME": "GitLab", "CI_SERVER_REVISION": "29f368b11a9", "CI_SERVER_VERSION": "13.2.0-pre", "GITLAB_CI": "true", "GITLAB_USER_ID": "1984703", "GITLAB_USER_EMAIL": "peter.zhang@matrium.com.au", "JAVA_HOME": "C:\\Program Files\\Java\\jdk1.8.0_162"}, "summary": {"passed": 1, "total": 1, "collected": 1}, "collectors": [{"nodeid": "", "outcome": "passed", "result": [{"nodeid": "testcases/test_MAndroid2AllDevices.py", "type": "Module"}, {"nodeid": "testcases/test_MAndroid2TestCases.py", "type": "Module"}]}, {"nodeid": "testcases/test_MAndroid2AllDevices.py::TestMAndroid2TestCases", "outcome": "passed", "result": [{"nodeid": "testcases/test_MAndroid2AllDevices.py::TestMAndroid2TestCases::test_MAndroid2_print", "type": "Function", "lineno": 234}]}, {"nodeid": "testcases/test_MAndroid2AllDevices.py::TestMAndroid2TestCases", "outcome": "passed", "result": [{"nodeid": "testcases/test_MAndroid2AllDevices.py::TestMAndroid2TestCases", "type": "Instance"}]}, {"nodeid": "testcases/test_MAndroid2AllDevices.py", "outcome": "passed", "result": [{"nodeid": "testcases/test_MAndroid2AllDevices.py::TestMAndroid2TestCases", "type": "Class"}]}, {"nodeid": "testcases/test_MAndroid2TestCases.py::TestMAndroid2TestCases", "outcome": "passed", "result": [{"nodeid": "testcases/test_MAndroid2TestCases.py::TestMAndroid2TestCases::test_MAndroid2_VoiceCall[testParameters0-testEnvironment0]", "type": "Function", "lineno": 94, "deselected": true}, {"nodeid": "testcases/test_MAndroid2TestCases.py::TestMAndroid2TestCases::test_MAndroid2_VoiceCall[testParameters0-testEnvironment1]", "type": "Function", "lineno": 94, "deselected": true}, {"nodeid": "testcases/test_MAndroid2TestCases.py::TestMAndroid2TestCases::test_MAndroid2_VoiceCall[testParameters1-testEnvironment0]", "type": "Function", "lineno": 94, "deselected": true}, {"nodeid": "testcases/test_MAndroid2TestCases.py::TestMAndroid2TestCases::test_MAndroid2_VoiceCall[testParameters1-testEnvironment1]", "type": "Function", "lineno": 94, "deselected": true}, {"nodeid": "testcases/test_MAndroid2TestCases.py::TestMAndroid2TestCases::test_MAndroid2_SMS[testParameters0-testEnvironment0]", "type": "Function", "lineno": 117, "deselected": true}, {"nodeid": "testcases/test_MAndroid2TestCases.py::TestMAndroid2TestCases::test_MAndroid2_SMS[testParameters0-testEnvironment1]", "type": "Function", "lineno": 117, "deselected": true}, {"nodeid": "testcases/test_MAndroid2TestCases.py::TestMAndroid2TestCases::test_MAndroid2_SMS[testParameters1-testEnvironment0]", "type": "Function", "lineno": 117, "deselected": true}, {"nodeid": "testcases/test_MAndroid2TestCases.py::TestMAndroid2TestCases::test_MAndroid2_SMS[testParameters1-testEnvironment1]", "type": "Function", "lineno": 117, "deselected": true}, {"nodeid": "testcases/test_MAndroid2TestCases.py::TestMAndroid2TestCases::test_MAndroid2_MMS[testParameters0-testEnvironment0]", "type": "Function", "lineno": 140, "deselected": true}, {"nodeid": "testcases/test_MAndroid2TestCases.py::TestMAndroid2TestCases::test_MAndroid2_MMS[testParameters0-testEnvironment1]", "type": "Function", "lineno": 140, "deselected": true}, {"nodeid": "testcases/test_MAndroid2TestCases.py::TestMAndroid2TestCases::test_MAndroid2_MMS[testParameters1-testEnvironment0]", "type": "Function", "lineno": 140, "deselected": true}, {"nodeid": "testcases/test_MAndroid2TestCases.py::TestMAndroid2TestCases::test_MAndroid2_MMS[testParameters1-testEnvironment1]", "type": "Function", "lineno": 140, "deselected": true}, {"nodeid": "testcases/test_MAndroid2TestCases.py::TestMAndroid2TestCases::test_MAndroid2_WebBrowsing[testParameters0-testEnvironment0]", "type": "Function", "lineno": 163, "deselected": true}, {"nodeid": "testcases/test_MAndroid2TestCases.py::TestMAndroid2TestCases::test_MAndroid2_WebBrowsing[testParameters0-testEnvironment1]", "type": "Function", "lineno": 163, "deselected": true}, {"nodeid": "testcases/test_MAndroid2TestCases.py::TestMAndroid2TestCases::test_MAndroid2_WebBrowsing[testParameters1-testEnvironment0]", "type": "Function", "lineno": 163, "deselected": true}, {"nodeid": "testcases/test_MAndroid2TestCases.py::TestMAndroid2TestCases::test_MAndroid2_WebBrowsing[testParameters1-testEnvironment1]", "type": "Function", "lineno": 163, "deselected": true}, {"nodeid": "testcases/test_MAndroid2TestCases.py::TestMAndroid2TestCases::test_MAndroid2_HTTPDownload[testParameters0-testEnvironment0]", "type": "Function", "lineno": 186, "deselected": true}, {"nodeid": "testcases/test_MAndroid2TestCases.py::TestMAndroid2TestCases::test_MAndroid2_HTTPDownload[testParameters0-testEnvironment1]", "type": "Function", "lineno": 186, "deselected": true}, {"nodeid": "testcases/test_MAndroid2TestCases.py::TestMAndroid2TestCases::test_MAndroid2_HTTPDownload[testParameters1-testEnvironment0]", "type": "Function", "lineno": 186, "deselected": true}, {"nodeid": "testcases/test_MAndroid2TestCases.py::TestMAndroid2TestCases::test_MAndroid2_HTTPDownload[testParameters1-testEnvironment1]", "type": "Function", "lineno": 186, "deselected": true}]}, {"nodeid": "testcases/test_MAndroid2TestCases.py::TestMAndroid2TestCases", "outcome": "passed", "result": [{"nodeid": "testcases/test_MAndroid2TestCases.py::TestMAndroid2TestCases", "type": "Instance"}]}, {"nodeid": "testcases/test_MAndroid2TestCases.py", "outcome": "passed", "result": [{"nodeid": "testcases/test_MAndroid2TestCases.py::TestMAndroid2TestCases", "type": "Class"}]}], "tests": [{"nodeid": "testcases/test_MAndroid2AllDevices.py::TestMAndroid2TestCases::test_MAndroid2_print", "lineno": 234, "outcome": "passed", "keywords": ["TestMAndroid2TestCases", "()", "MAndroid2SmokeTest", "allAvailableDeviceSmokeTest", "test_MAndroid2_print", "testcases/test_MAndroid2AllDevices.py"], "setup": {"duration": 0.001992940902709961, "outcome": "passed", "stdout": "------ Setup before class TestMAndroid2TestCases ------\n"}, "call": {"duration": 0.0009953975677490234, "outcome": "passed", "stdout": "Just for test. Completion Result: Fail. FAILED test_123\n"}, "teardown": {"duration": 0.05684828758239746, "outcome": "passed", "stdout": "------ Teardown after class TestMAndroid2TestCases ------\ntestCaseDetailList is []\n"}}]}